{
  "Badge Text" : "The only constant is change. Heraclitus",
  "Ansi 5 Color" : {
    "Green Component" : 0.58039215686274503,
    "Red Component" : 0.69803921568627447,
    "Blue Component" : 0.73333333333333328
  },
  "Working Directory" : "\/Users\/xupei",
  "Prompt Before Closing 2" : false,
  "Selected Text Color" : {
    "Green Component" : 0.7843137255,
    "Red Component" : 0.7725490196,
    "Blue Component" : 0.77647058820000003
  },
  "Rows" : 35,
  "Ansi 11 Color" : {
    "Green Component" : 0.77647058820000003,
    "Red Component" : 0.94117647059999998,
    "Blue Component" : 0.4549019608
  },
  "Use Italic Font" : true,
  "Foreground Color" : {
    "Green Component" : 0.78431372549019607,
    "Red Component" : 0.77254901960784317,
    "Blue Component" : 0.77647058823529413
  },
  "Right Option Key Sends" : 0,
  "Character Encoding" : 4,
  "Selection Color" : {
    "Green Component" : 0.23137254901960785,
    "Red Component" : 0.21568627450980393,
    "Blue Component" : 0.25490196078431371
  },
  "Blend" : 0.41784457883973047,
  "Mouse Reporting" : false,
  "Cursor Boost" : 0,
  "Ansi 4 Color" : {
    "Green Component" : 0.63529411764705879,
    "Red Component" : 0.50588235294117645,
    "Blue Component" : 0.74509803921568629
  },
  "Non-ASCII Anti Aliased" : true,
  "Sync Title" : false,
  "Badge Font" : "HanziPenSC-W5",
  "Disable Window Resizing" : true,
  "Description" : "Default",
  "Close Sessions On End" : 1,
  "Jobs to Ignore" : [
    "rlogin",
    "ssh",
    "slogin",
    "telnet"
  ],
  "Non-ASCII Ligatures" : true,
  "Scrollback Lines" : 0,
  "Draw Powerline Glyphs" : false,
  "Brighten Bold Text" : false,
  "Flashing Bell" : false,
  "Cursor Guide Color" : {
    "Red Component" : 0.70214027166366577,
    "Color Space" : "sRGB",
    "Blue Component" : 1,
    "Alpha Component" : 0.25,
    "Green Component" : 0.92681378126144409
  },
  "BM Growl" : true,
  "Ansi 3 Color" : {
    "Green Component" : 0.77647058823529413,
    "Red Component" : 0.94117647058823528,
    "Blue Component" : 0.45490196078431372
  },
  "Open Password Manager Automatically" : true,
  "Icon" : 1,
  "Use Non-ASCII Font" : true,
  "Shortcut" : "W",
  "Link Color" : {
    "Red Component" : 0,
    "Color Space" : "sRGB",
    "Blue Component" : 0.73422712087631226,
    "Alpha Component" : 1,
    "Green Component" : 0.35915297269821167
  },
  "Background Image Location" : "",
  "Bold Color" : {
    "Red Component" : 0.6559594946946774,
    "Color Space" : "sRGB",
    "Blue Component" : 0.71287892625576155,
    "Alpha Component" : 1,
    "Green Component" : 0.81189882755279541
  },
  "Unlimited Scrollback" : true,
  "Custom Command" : "No",
  "Title Components" : 387,
  "Keyboard Map" : {
    "0xf700-0x260000" : {
      "Text" : "[1;6A",
      "Action" : 10
    },
    "0x37-0x40000" : {
      "Text" : "0x1f",
      "Action" : 11
    },
    "0x32-0x40000" : {
      "Text" : "0x00",
      "Action" : 11
    },
    "0xf709-0x20000" : {
      "Text" : "[17;2~",
      "Action" : 10
    },
    "0xf70c-0x20000" : {
      "Text" : "[20;2~",
      "Action" : 10
    },
    "0xf729-0x20000" : {
      "Text" : "[1;2H",
      "Action" : 10
    },
    "0xf72b-0x40000" : {
      "Text" : "[1;5F",
      "Action" : 10
    },
    "0xf705-0x20000" : {
      "Text" : "[1;2Q",
      "Action" : 10
    },
    "0xf703-0x260000" : {
      "Text" : "[1;6C",
      "Action" : 10
    },
    "0xf700-0x220000" : {
      "Text" : "[1;2A",
      "Action" : 10
    },
    "0xf701-0x280000" : {
      "Text" : "0x1b 0x1b 0x5b 0x42",
      "Action" : 11
    },
    "0x38-0x40000" : {
      "Text" : "0x7f",
      "Action" : 11
    },
    "0x33-0x40000" : {
      "Text" : "0x1b",
      "Action" : 11
    },
    "0xf703-0x220000" : {
      "Text" : "[1;2C",
      "Action" : 10
    },
    "0xf701-0x240000" : {
      "Text" : "[1;5B",
      "Action" : 10
    },
    "0xf70d-0x20000" : {
      "Text" : "[21;2~",
      "Action" : 10
    },
    "0xf702-0x260000" : {
      "Text" : "[1;6D",
      "Action" : 10
    },
    "0xf729-0x40000" : {
      "Text" : "[1;5H",
      "Action" : 10
    },
    "0xf706-0x20000" : {
      "Text" : "[1;2R",
      "Action" : 10
    },
    "0x34-0x40000" : {
      "Text" : "0x1c",
      "Action" : 11
    },
    "0xf700-0x280000" : {
      "Text" : "0x1b 0x1b 0x5b 0x41",
      "Action" : 11
    },
    "0x2d-0x40000" : {
      "Text" : "0x1f",
      "Action" : 11
    },
    "0xf70e-0x20000" : {
      "Text" : "[23;2~",
      "Action" : 10
    },
    "0xf702-0x220000" : {
      "Text" : "[1;2D",
      "Action" : 10
    },
    "0xf703-0x280000" : {
      "Text" : "0x1b 0x1b 0x5b 0x43",
      "Action" : 11
    },
    "0xf700-0x240000" : {
      "Text" : "[1;5A",
      "Action" : 10
    },
    "0xf707-0x20000" : {
      "Text" : "[1;2S",
      "Action" : 10
    },
    "0xf70a-0x20000" : {
      "Text" : "[18;2~",
      "Action" : 10
    },
    "0x35-0x40000" : {
      "Text" : "0x1d",
      "Action" : 11
    },
    "0xf70f-0x20000" : {
      "Text" : "[24;2~",
      "Action" : 10
    },
    "0xf703-0x240000" : {
      "Text" : "[1;5C",
      "Action" : 10
    },
    "0xf701-0x260000" : {
      "Text" : "[1;6B",
      "Action" : 10
    },
    "0xf702-0x280000" : {
      "Text" : "0x1b 0x1b 0x5b 0x44",
      "Action" : 11
    },
    "0xf72b-0x20000" : {
      "Text" : "[1;2F",
      "Action" : 10
    },
    "0x36-0x40000" : {
      "Text" : "0x1e",
      "Action" : 11
    },
    "0xf708-0x20000" : {
      "Text" : "[15;2~",
      "Action" : 10
    },
    "0xf701-0x220000" : {
      "Text" : "[1;2B",
      "Action" : 10
    },
    "0xf70b-0x20000" : {
      "Text" : "[19;2~",
      "Action" : 10
    },
    "0xf702-0x240000" : {
      "Text" : "[1;5D",
      "Action" : 10
    },
    "0xf704-0x20000" : {
      "Text" : "[1;2P",
      "Action" : 10
    }
  },
  "Ansi 14 Color" : {
    "Green Component" : 0.74509803919999995,
    "Red Component" : 0.54117647059999996,
    "Blue Component" : 0.71764705880000002
  },
  "Ansi 2 Color" : {
    "Green Component" : 0.74117647058823533,
    "Red Component" : 0.70980392156862748,
    "Blue Component" : 0.40784313725490196
  },
  "Send Code When Idle" : false,
  "ASCII Anti Aliased" : true,
  "Tags" : [
    "NFC",
    "한글"
  ],
  "Ansi 9 Color" : {
    "Green Component" : 0.40000000000000002,
    "Red Component" : 0.80000000000000004,
    "Blue Component" : 0.40000000000000002
  },
  "Badge Right Margin" : 50,
  "Use Bold Font" : true,
  "Silence Bell" : false,
  "Ansi 12 Color" : {
    "Green Component" : 0.63529411759999999,
    "Red Component" : 0.50588235290000005,
    "Blue Component" : 0.74509803919999995
  },
  "Window Type" : 12,
  "Use Bright Bold" : true,
  "Has Hotkey" : false,
  "Cursor Text Color" : {
    "Green Component" : 0.12156862765550613,
    "Red Component" : 0.11372549086809158,
    "Blue Component" : 0.12941177189350128
  },
  "Default Bookmark" : "No",
  "Cursor Color" : {
    "Red Component" : 0.7089302575518559,
    "Color Space" : "sRGB",
    "Blue Component" : 0.90752267837524414,
    "Alpha Component" : 1,
    "Green Component" : 0.84137254499888736
  },
  "Ansi 1 Color" : {
    "Green Component" : 0.40000000000000002,
    "Red Component" : 0.80000000000000004,
    "Blue Component" : 0.40000000000000002
  },
  "Name" : "한글",
  "Blinking Cursor" : true,
  "Guid" : "DA9C0726-782A-45E1-8505-CB51A1628CC5",
  "Badge Max Width" : 0.40000000000000002,
  "Idle Code" : 0,
  "Ansi 10 Color" : {
    "Green Component" : 0.74117647060000003,
    "Red Component" : 0.70980392160000005,
    "Blue Component" : 0.40784313729999999
  },
  "Ansi 8 Color" : {
    "Green Component" : 0,
    "Red Component" : 0,
    "Blue Component" : 0
  },
  "Badge Color" : {
    "Red Component" : 1,
    "Color Space" : "sRGB",
    "Blue Component" : 0,
    "Alpha Component" : 0.5,
    "Green Component" : 0.14910027384757996
  },
  "Smart Cursor Color" : false,
  "Semantic History" : {
    "text" : "",
    "action" : "best editor",